{
  "meta": {
    "protocol": "gates/C3/v2/protocol.md",
    "input_root": "/Users/zijian_nong/research/aaai2027-new/gates/C3/fixtures",
    "formula": "\u0394/S = s \u2212 v \u2212 \u03c1(s + RB)",
    "RB": 0.01,
    "v_grid": [
      0.001,
      0.01,
      0.1
    ]
  },
  "taskA": {
    "baseline_acc": 0.05,
    "data_quality": "EM degenerate (truncated answers); rho_outcome not interpretable; excluded from economics",
    "reuse": {
      "n": 20,
      "acc": 0.0,
      "rho_outcome": 1.0,
      "rho_outcome_CI": [
        1.0,
        1.0
      ],
      "rho_blame": 0.05,
      "rho_blame_CI": [
        0.0,
        0.15
      ],
      "rescue": 0.0,
      "recompute_still_wrong": 0.95
    },
    "repair": {
      "n": 20,
      "acc": 0.0,
      "rho_outcome": 1.0,
      "rho_outcome_CI": [
        1.0,
        1.0
      ],
      "rho_blame": 0.05,
      "rho_blame_CI": [
        0.0,
        0.15
      ],
      "rescue": 0.0,
      "recompute_still_wrong": 0.95
    }
  },
  "taskB": {
    "baseline_acc": 0.5,
    "verifier_executable_rate": 1.0,
    "sanity_identity_pass_eq_orig_frac": 0.6666666666666666,
    "reuse": {
      "n": 30,
      "acc": 0.3333333333333333,
      "rho_outcome": 0.6666666666666667,
      "rho_outcome_CI": [
        0.5,
        0.8333333333333334
      ],
      "rho_blame": 0.23333333333333334,
      "rho_blame_CI": [
        0.1,
        0.4
      ],
      "rescue": 0.06666666666666667,
      "recompute_still_wrong": 0.5
    },
    "repair": {
      "n": 30,
      "acc": 0.36666666666666664,
      "rho_outcome": 0.6333333333333333,
      "rho_outcome_CI": [
        0.4666666666666667,
        0.8
      ],
      "rho_blame": 0.23333333333333334,
      "rho_blame_CI": [
        0.1,
        0.4
      ],
      "rescue": 0.1,
      "recompute_still_wrong": 0.5
    },
    "cost": {
      "flops_reuse_mean": 0.8442412362636873,
      "flops_repair_mean": 0.8676050508241339,
      "s_reuse": 0.1557587637363127,
      "s_repair": 0.13239494917586614
    }
  },
  "economics": {
    "taskB_reuse": {
      "rho_outcome": {
        "rho": 0.6666666666666667,
        "s": 0.1557587637363127,
        "per_v": {
          "0.001": {
            "delta_over_S": 0.044252921245437546,
            "breakeven_rho": 0.9336385012046863,
            "positive": true
          },
          "0.01": {
            "delta_over_S": 0.03525292124543754,
            "breakeven_rho": 0.8793427294630659,
            "positive": true
          },
          "0.1": {
            "delta_over_S": -0.05474707875456246,
            "breakeven_rho": 0.33638501204686316,
            "positive": false
          }
        }
      },
      "rho_blame": {
        "rho": 0.23333333333333334,
        "s": 0.1557587637363127,
        "per_v": {
          "0.001": {
            "delta_over_S": 0.1160817188645064,
            "breakeven_rho": 0.9336385012046863,
            "positive": true
          },
          "0.01": {
            "delta_over_S": 0.10708171886450639,
            "breakeven_rho": 0.8793427294630659,
            "positive": true
          },
          "0.1": {
            "delta_over_S": 0.017081718864506393,
            "breakeven_rho": 0.33638501204686316,
            "positive": true
          }
        }
      }
    },
    "taskB_repair": {
      "rho_outcome": {
        "rho": 0.6333333333333333,
        "s": 0.13239494917586614,
        "per_v": {
          "0.001": {
            "delta_over_S": 0.04121148136448424,
            "breakeven_rho": 0.922750068990057,
            "positive": true
          },
          "0.01": {
            "delta_over_S": 0.03221148136448425,
            "breakeven_rho": 0.8595455799819218,
            "positive": true
          },
          "0.1": {
            "delta_over_S": -0.05778851863551576,
            "breakeven_rho": 0.22750068990056987,
            "positive": false
          }
        }
      },
      "rho_blame": {
        "rho": 0.23333333333333334,
        "s": 0.13239494917586614,
        "per_v": {
          "0.001": {
            "delta_over_S": 0.09816946103483071,
            "breakeven_rho": 0.922750068990057,
            "positive": true
          },
          "0.01": {
            "delta_over_S": 0.0891694610348307,
            "breakeven_rho": 0.8595455799819218,
            "positive": true
          },
          "0.1": {
            "delta_over_S": -0.0008305389651693043,
            "breakeven_rho": 0.22750068990056987,
            "positive": false
          }
        }
      }
    }
  },
  "verdict_inputs": {
    "overall": "NEED_NEW_VERIFIER",
    "GO_NAIVE": false,
    "GO_CONDITIONAL": true,
    "a_verifier_executable": true,
    "c_cases_present": true,
    "note": "GO_CONDITIONAL \u7684\u6761\u4ef6\u6027:\u03c1_blame \u4f9d\u8d56 baseline \u6807\u7b7e,\u8fd0\u884c\u65f6\u5b9a\u5411 verifier \u5f53\u524d\u4e0d\u5b58\u5728(NEG-11)"
  }
}